Python开发工程师,194
Python高级开发工程师,33
Python工程师,21
python开发工程师,20
python工程师,10
Python后端开发工程师,8
Python 开发工程师,6
Python爬虫工程师,6
Python后端工程师,5
高级Python开发工程师,5
Python,5
Python程序员,4
Python研发工程师,4
python爬虫工程师,4
python 开发工程师,3
python讲师,3
Python讲师,3
Python 工程师,3
Python软件开发工程师,3
Python Web开发工程师,3
Python软件工程师,3
Python高级软件工程师,3
python数据挖掘工程师,2
Python 高级开发工程师,2
python研发工程师,2
Python测试开发工程师,2
爬虫开发主管（Python语言）,2
Python开发,2
Python高级研发工程师（孵化器公司）,2
Python数据开发工程师,2
Python测试工程师,2
python爬虫开发工程师,2
高级python开发工程师,2
大数据分析工程师,1
python数据工程师,1
python-web 全栈工程师,1
自动化实施（shell/python）,1
Python程序员(游戏开发),1
高级Python软件工程师/Python构架师,1
Python架构师,1
python开发工程师（双休+五险）,1
IT系统工程师（熟悉Python）,1
python/爬虫工程师,1
高级软件工程师（Python开发）,1
Python工程师（年终奖+六险一金+双休）,1
量化开发工程师（python）(可招收实习生),1
python大数据开发工程师,1
C++/Python开发工程师,1
人工智能工程师（Python）,1
Python数据挖掘工程师,1
金微蓝--主管Python开发工程师,1
Python开发工程师（产品研发）,1
Python软件工程师（六险一金，双休）,1
python自然语言处理工程师,1
python开发工程师（PaaS云平台）,1
全栈工程师（Python&前端）,1
Python(熟悉java),1
python 后台开发,1
高级Python工程师/深度学习,1
Python数据工程师,1
Python 开发工作,1
Python资深开发工程师,1
Python开发工程师（Odoo）,1
后台开发工程师（C++，Python，go）,1
自动化测试开发工程师（Java/Python）,1
python后端开发工程师,1
数据开发工程师（python方向）,1
Python 开发,1
Python高级工程师,1
python课程设计,1
大数据研发工程师-python,1
初级Python开发工程师,1
"后台开发工程师（Node, Python, Java, Go）",1
python后台研发工程师,1
YF-Python开发方向工程师-01,1
Python开发J15588,1
Python 后端开发工程师,1
后端架构师（Python/Go）,1
云方向业务部门_Python开发工程师,1
（10-15k）python讲师-徐家汇,1
高级Python开发工程师（深圳）,1
人工智能工程师 / Python人工智能,1
Python 讲师,1
生物信息工程师（python）,1
后端开发工程师（C++/Python/Go）,1
高级python后台服务研发工程师,1
Python全栈开发,1
云平台 python 高级开发工程师,1
Python爬虫工程师-北京-00089,1
SQL/Python顾问,1
爬虫工程师（Python）,1
交易系统API编程及后台开发人员（熟悉Python优先）,1
量化开发工程师（Java/C++/Python方向）,1
资深python开发工程师,1
资深Python工程师（深圳）,1
云计算开发工程师(Python),1
Python开发（CRM）,1
Go/Python语言开发工程师,1
Python开发工程师（参与公司内部开发或外派外企开发）,1
Python/Go开发工程师-北京-00395,1
python高级大数据开发工程师,1
Python/Odoo初级开发工程师,1
Web工程师（Python）,1
项目研发经理（python平台）,1
python/lua开发,1
python 算法工程师,1
Python/Odoo高级开发工程师,1
高级Python 爬虫开发工程师,1
Python服务端工程师/Python开发工程师,1
Python数据分析师,1
Python PyQt开发工程师,1
1023Python web开发,1
AI后台服务开发(Python),1
高级Python爬虫工程师,1
运维主管/python开发,1
PYTHON爬虫工程师,1
Python后端开发,1
Python开发后端软件工程师,1
爬虫工程师(Java/Python),1
python编程讲师,1
python 工程师,1
业务与数据分析师实习生（python工程师方向）,1
python web 开发工程师,1
Ruby/Python开发工程师,1
风控系统python研发工程师,1
python/c++软件开发工程师,1
后端Python,1
Python数据采集网络爬虫工程师,1
Python工程师（课程研发方向）,1
Python开发工程师（编号03）,1
Python工程师（web后端）,1
初级开发工程师（Python）,1
Python开发工程师（爬虫）,1
软件测试工程师（C++、java、python）,1
服务端研发工程师-Python（万得子公司）,1
北京-Python人工智能高级讲师,1
go/python服务端开发工程师(广州),1
Python开发工程师-中科智慧,1
Python助教,1
python开发,1
Linux python开发运维,1
C++/Python/QT软件工程师,1
后端开发工程师（Python方向）,1
爱尔兰电商咨询外企Python DevOps Engineer,1
Python运维工程师,1
服务端开发工程师-Python,1
Python开发工程师（十三薪诚聘）,1
Python爬虫工程师(双休 7险1金),1
PHP/Python ERP软件开发工程师,1
初级Python后端工程师,1
Python软件工程师(实习),1
Python中级开发工程师,1
赴日Python开发工程师,1
GO+Python,1
Python 后端工程师,1
云平台开发工程师（JAVA、Python）,1
Python项目经理（五险一金+上市公司）,1
Python Web全栈工程师,1
Python物联网软件工程师,1
算法工程师（Java/Scala/Python/R方向）,1
Python程序员（ERP方向）,1
python 开发,1
Python开发工程师(仪器研发类）,1
资深Python开发专家,1
python后端工程师,1
软件开发工程师（C#/python）,1
运维开发工程师（Python）,1
Python开发工程师（深圳）,1
25923-python后台开发工程师（深圳/上海）,1
高级软件工程师-C，python,1
PHP、Java、Python后台开发工程师,1
python开发（机器学习）-杭州-00676,1
python文案专员,1
Python全栈讲师（普陀）,1
Python高级开发师,1
高级Python金融开发工程师,1
[美国上市]Python技术支持老师,1
python开发工程师（机器学习）,1
Python开发工程师(面向2018届毕业生),1
00518-32-高级Python开发工程师,1
数据处理（懂python）,1
Python开发工程师(爬虫）-鼎富科技-战略产品创新,1
Python高级开发工程师 - AAM703,1
急招Python工程师,1
Python高级服务端开发工程师,1
python开发/爬虫开发工程师,1
资深Python工程师,1
Python应用工程师（业务系统方向）,1
python量化交易开发工程师,1
性能测试 Python+游戏,1
运维工程师（python自动化运维）,1
诚招Python语言测试员,1
Senior Python Developer,1
C++量化开发/python,1
Java开发工程师（Python）,1
python运维工程师,1
Python web开发工程师,1
高级python开发工程师(投资机器人）,1
高级PHP开发工程师（需懂些Python）,1
Python开发培训讲师（全职或***）,1
Python（高级&资深&leader）,1
Python Dev.,1
Python+MySQL 后台开发工程师,1
python数据分析讲师,1
Python高级开发工程师（爬虫）,1
c++/java/golang/python服务端转erlang,1
python开发高级工程师,1
python程序员,1
Python后台开发工程师,1
Python项目经理,1
python游戏后端开发工程师,1
Python开发工程师(006389),1
Python开发工程师-杭州-00067,1
Test Engineer - Python,1
Senior Python Engineer,1
Python开发工程师(,1
Python开发工程师（后端开发）,1
python培训讲师（专***）,1
UMCloud-Python后端工程师,1
游戏服务器(Python)开发工程师,1
Python工程师（爬虫方向）,1
Python或GO开发,1
量化风控经理/风控建模经理/R/Python,1
Python开发工程师（SaaS）,1
python 工程师-大数据方向,1
Python数据开发工程师（数据平台）-XWJF,1
python架构师,1
Python系统架构师,1
Python/Go开发工程师（自动化运维方向）,1
Python开发工程师（技术创新部）,1
技术支持工程师（Python软件运维）,1
Python 机器学习研发工程师,1
Python/Scrapy爬虫开发工程师,1
python服务器端开发工程师,1
中级Python,1
PHP+Python软件工程师,1
测试开发工程师（C++/python）,1
python WEB开发工程师,1
Python自动化测试,1
python初级开发工程师,1
erlang/python服务器开发工程师,1
Python web programmer,1
Python工程师-大数据方向,1
Python软件工程师（大数据产品开发）,1
软件工程师/Python/高级开发工程师,1
集合系统开发工程师（Python）,1
双休爬虫开发工程师php开发工程师python开发工程师,1
技术工程部-python开发工程师-北京-02155,1
Java/Python高级工程师,1
Python开发实习生,1
中级python研发工程师_zml,1
Python开发工程师（数据处理）,1
Python/R语言方向工程师,1
python服务器开发工程师,1
python开发工程师（爬虫方向）,1
Python工程师（中高级）,1
平台工具研发工程师（python、java、php）,1
Python/Golang/Linux C/中高级研发工程师,1
python后台开发,1
高级开发工程师（python爬虫）,1
Python中高级工程师,1
Python/Golang 工程师,1
Python高级程序员,1
区块链技术开发工程师（go-c++-Python ）,1
中级程序员（Python）,1
Python研发工程师（数据平台）,1
python数据实习生,1
python/Django web开发工程师,1
Python全栈开发工程师,1
Python开发工程师-北京,1
Python高级开发工程师（团队负责人）,1
游戏运维工程师-python,1
Python/GO开发工程师,1
Python培训项目合伙人,1
Python高级研发工程师,1
python高级开发工程师,1
python工程师 python开发工程师,1
UI Programmer/UI 程序员(Python/C++),1
Python爬虫研发工程师,1
Python课程开发/ 授课,1
Python开发工程师/游戏服务端,1
Python工程师（django）,1
Python爬虫开发工程师,1
Python服务端工程师,1
Python爬虫产品设计师,1
Python开发工程师/讲师,1
系统开发工程师（python）,1
Web全栈开发（Python）,1
Python开发/深度学习,1
Python中级工程师,1
Python/Web开发工程师,1
python开发工程（高级）,1
python后台开发工程师,1
python开发工程师-杏石口-wx(1236),1
sz-python开发,1
Python后端研发工程师,1
python开发主管(北京),1
Python开发工程师-小米电视,1
RD-java/Python发工程师,1
python/java高级程序员,1
Python软件研发经理,1
python+postgreSQL 社交商城开发,1
Python/Odoo开发工程师,1
python开发工程师(NO.集成1821),1
Python DevOps Engineer,1
Python数据抓取工程师,1
Python开发工程师（企业自动化运维）,1
初级Python工程师,1
全栈开发工程（python）,1
Python开发讲师,1
python就业指导专员,1
python助教,1
Python就业指导专员,1
